"Archiv-ID"	"Interview"	"Transkript"	"Übersetzung"	"Erschliessung"	"Lektorat"	"Segmentierung"
"za001"	"Dalhouski/Dolgowskij/, Alexander"	"Sabolodskaja, Veronika"	""	""	""	""
"za002"	"Dalhousk/Dolgowskij/, Alexander"	"Sabolodskaja, Veronika"	""	""	""	""
"za003"	"Dalhouski/Dolgowskij/, Alexander"	"Sabolodskaja, Veronika"	""	""	""	""
"za004"	"Dalhousk/Dolgowskij/, Alexander"	"Stscherbina, Natalja"	""	""	""	""
"za005"	"Dalhouski/Dolgowskij/, Alexander"	"Stscherbina, Natalja"	""	""	""	""
"za006"	"Dalhouski/Dolgowskij/, Alexander"	"Stscherbina, Natalja"	""	""	""	""
"za007"	"Dalhousk/Dolgowskij/, Alexander"	"Sabolodskaja, Veronika"	""	""	""	""
"za008"	"Dalhousk/Dolgowskij/, Alexander"	"Sabolodskaja, Veronika"	""	""	""	""
"za009"	"Dalhouski/Dolgowskij/, Alexander"	"Sabolodskaja, Veronika"	""	""	""	""
"za010"	"Dalhousk/Dolgowskij/, Alexander"	"Stscherbina, Natalja"	""	""	""	""
"za011"	"Dalhousk/Dolgowskij/, Alexander"	"Sabolodskaja, Veronika"	"k.A."	"Marie Schmidtmann, Inna Yandaraeva, Dolgormaa Dashzeveg"	""	""
"za012"	"Dalhouski/Dolgowskij/, Alexander"	"Stscherbina, Natalja"	""	""	""	""
"za013"	"Dalhouski/Dolgowskij/, Alexander"	"Stscherbina, Natalja"	"Naak, Viktorija"	""	""	""
"za014"	"Dalhouski/Dolgowskij/, Alexander"	"Sabolodskaja, Veronika"	""	""	""	""
"za015"	"Dalhouski/Dolgowskij/, Alexander"	"Stscherbina, Natalja"	"k.A."	""	""	""
"za016"	"Dalhouski/Dolgowskij/, Alexander"	"Sabolodskaja, Veronika"	""	""	""	""
"za017"	"Elena Khloptseva"	"Natalia Scherbina"	""	""	""	""
"za018"	"Elena Khloptseva"	"Natalia Scherbina"	""	""	""	""
"za019"	"Elena Khloptseva"	"k.A."	""	""	""	""
"za020"	"Elena Khloptseva"	"Natalia Scherbina"	"Christina Chekhovskaja"	"Victoria Loprieno"	""	""
"za021"	"Elena Khloptseva"	"Natalia Scherbina"	"Christina Chekhovskaja"	"Jakob Stürmann, Maria Nalizko"	""	""
"za022"	"Elena Khloptseva"	"Natalia Scherbina"	""	""	""	""
"za023"	"Elena Khloptseva"	"Natalia Scherbina"	""	""	""	""
"za024"	"Elena Khloptseva"	"Natalia Scherbina"	""	""	""	""
"za025"	"Elena Khloptseva"	"Natalia Scherbina"	""	""	""	""
"za026"	"Elena Khloptseva"	"Natalia Scherbina"	"Christina Chekhovskaja"	""	""	""
"za027"	"Elena Khloptseva"	"Natalia Scherbina"	""	""	""	""
"za028"	"Elena Khloptseva"	"Natalia Scherbina"	""	""	""	""
"za029"	"Elena Khloptseva"	"Natalia Scherbina"	""	""	""	""
"za030"	"Kristina Tschechowskaja, Imke Hansen"	"Natalia Schtscherbina "	""	""	""	""
"za031"	"Alesia Belanowitsch, Imke Hansen"	"Natalia Schtscherbina"	"Kristina Tschechowskaja, Imke Hansen"	""	""	""
"za032"	"Alesia Belanowitsch, Imke Hansen"	"Natalia Schtscherbina"	"Kristina Tschechowskaja, Imke hansen"	""	""	""
"za033"	"Alesia Belanowitsch, Imke Hansen"	"Natalia Schtscherbina"	""	""	""	""
"za034"	"Kristina Tschechowskaja, Imke Hansen"	"Natalia Schtscherbina"	""	""	""	""
"za035"	"Alesia Belanowitsch, Imke Hansen"	"Natalia Schtscherbina"	""	""	""	""
"za036"	"Kristina Tschechowskaja, Imke Hansen"	"Natalia Schtscherbina"	""	""	""	""
"za037"	"Alesia Belanowitsch, Imke Hansen"	"Natalia Schtscherbina "	""	""	""	""
"za038"	"Alesia Belanowitsch, Imke Hansen"	"Natalia Schtscherbina"	""	""	""	""
"za039"	"Alesia Belanowitsch, Imke Hansen"	"Natalia Schtscherbina"	"Kristina Tschechowskaja, Imke Hansen"	""	""	""
"za040"	"Alesia Belanowitsch, Imke Hansen"	"Natalia Schtscherbina"	""	""	""	""
"za041"	"Alesia Belanowitsch, Imke Hansen"	"Natalia Schtscherbina"	""	""	""	""
"za042"	"Alesia Belanowitsch, Imke Hansen"	"Natalia Schtscherbina"	""	""	""	""
"za043"	"Dimic, Lazar"	"Dimic, Lazar"	""	""	""	""
"za044"	"Dimic, Lazar"	"Dimic, Lazar"	"k.A."	""	""	""
"za045"	"Dimic, Lazar"	"Dimic, Lazar"	""	""	""	""
"za046"	"Dimic, Lazar"	"Dimic, Lazar"	"k.A."	""	""	""
"za047"	"Dimic, Lazar"	"Dimic, Lazar"	""	""	""	""
"za048"	"Dimic, Lazar"	"Dimic, Lazar"	""	""	""	""
"za049"	"Dimic, Lazar"	"Dimic, Lazar"	"Dimic, Lazar und Mair, Birgit"	""	""	""
"za050"	"Dimic, Lazar"	"Dimic, Lazar"	"Dimic, Lazar und Mair, Birgit"	""	""	""
"za051"	"Luleva, Ana"	"Troeva, Evgenia"	"Igla, Birgit"	""	""	""
"za052"	"Dadova, Julina"	"Dadova, Julina"	"Igla, Birgit"	""	""	""
"za053"	"Luleva, Ana"	"Boncheva, Tsvetana"	"Igla, Birgit"	""	""	""
"za054"	"Luleva, Ana"	"Troeva, Evgenia"	""	""	""	""
"za055"	"Luleva, Ana"	"Troeva, Evgenia"	"Igla, Birgit"	""	""	""
"za056"	"Luleva, Ana"	"Dadova, Julina "	"Igla, Birgit"	""	""	""
"za057"	"Luleva, Ana"	"Bonceva, Tsvetana "	"Igla, Birgit"	""	""	""
"za058"	"Luleva, Ana"	"Bonceva, Tsvetana "	"Igla, Birgit"	""	""	""
"za059"	"Luleva, Ana"	"Kramarska, nikolina"	"Igla, Birgit"	""	""	""
"za060"	"Thonfeld, Christoph"	"Klepel"	""	""	""	""
"za061"	"von Plato, Alexander"	""	""	""	""	""
"za062"	"von Plato, Alexander"	"Klepel"	""	""	""	""
"za063"	"von Plato, Alexander"	""	""	""	""	""
"za064"	"von Plato, Alexander"	"Wahnbaeck, arlies"	""	""	""	""
"za065"	"Thonfeld, Christoph"	"k.A."	""	""	""	""
"za066"	"von Plato, Alexander"	"Melvyn Van Wichelen"	""	""	""	""
"za067"	"von Plato, Alexander"	""	""	""	""	""
"za068"	"Thonfeld, Christoph"	"k.A."	"k.A."	""	""	""
"za069"	"Thonfeld, Christoph"	"k.A."	"k.A."	""	""	""
"za070"	"Thonfeld, Christoph"	"k.A."	"k.A."	"Valentina Stefanski"	""	""
"za071"	"Thonfeld, Christoph"	"k.A."	"k.A."	""	""	""
"za072"	"Thonfeld, Christoph"	"k.A."	"k.A."	""	""	""
"za073"	"Thonfeld, Christoph"	"k.A."	"k.A."	""	""	""
"za074"	"Montredon Julia"	"Montredon Julia"	"Brutscher, Barbara"	""	""	""
"za075"	"Granet-Abisset, Anne-Marie"	"Granet-Abisset, Anne-Marie"	"Fumex, Waltrude, Favier, Martine"	""	""	""
"za076"	"Montredon Julia"	"Montredon Julia"	"Brutscher, Barbara"	""	""	""
"za077"	"Granet-Abisset, Anne-Marie"	"Granet-Abisset, Anne-Marie"	"Favier, Martine"	""	""	""
"za078"	"Montredon Julia"	"Montredon Julia"	"Brutscher, Barbara "	""	""	""
"za079"	"Granet-Abisset Anne-Marie"	"Bourdeaux Isabelle "	""	""	""	""
"za080"	"Granet-Abisset Anne-Marie"	"Wronski Nicole"	""	""	""	""
"za081"	"Granet-Abisset, Anne-Marie"	"Wronski, Nicole"	"Favier, Martine"	""	""	""
"za082"	"Granet-Abisset, Anne-Marie"	"Granet-Abisset, Anne-Marie"	"Favier, Martine"	""	""	""
"za083"	"Montredon, Julia"	"Wronski, Nicole"	"Favier, Martine"	""	""	""
"za084"	"Granet-Abisset, Anne-Marie"	"Granet-Abisset, Anne-Marie"	"Favier, Martine"	""	""	""
"za085"	"Montredon Julia"	"Montredon Julia"	"Brutscher, Barbara"	""	""	""
"za086"	"Granet-Abisset Anne-Marie mit M.Szempruch (Kameramann)"	"Granet-Abisset Anne-Marie"	"Brutscher Barbara"	""	""	""
"za087"	"Montedron, Julia"	"Montedron, Julia"	"Favier, Martine"	""	""	""
"za088"	"Montedron, Julia"	"Montedron, Julia"	"Favier, Martine"	""	""	""
"za089"	"Montedron, Julia"	"Montedron, Julia"	"Favier, Martine"	""	""	""
"za090"	"Montredon Julia"	"Montredon Julia"	"Brutscher, Barbara"	""	""	""
"za091"	"Granet-Abisset, Anne-Marie"	"Wronski, Nicole"	"Favier, Martine"	""	""	""
"za092"	"Montredon Julia"	"Montredon Julia"	"Brutscher, Barbara"	""	""	""
"za093"	"Granet-Abisset, Anne-Marie"	"Granet-Abisset, Anne-Marie"	"Brutscher, Barbara, Favier, Martine"	""	""	""
"za094"	"Boasson Amija"	"Kidron Avivit"	"Boasson Amija"	""	""	""
"za095"	"Boasson Amija "	"Kidron Avivit "	""	""	""	""
"za096"	"Boasson Amija"	"Kidron Avivit"	""	""	""	""
"za097"	"Boasson Amija"	"Kidron Avivit"	"Amija Boasson"	""	""	""
"za098"	"Boasson  Amija"	"Kidron  Avivit"	""	""	""	""
"za099"	"Boasson Amija "	"Kidron Avivit "	""	""	""	""
"za100"	"Boasson Amija"	"Kidron Avivit"	"Boasson Amija"	"Doron Oberhand"	""	""
"za101"	"Boasson Amija"	"Kidron Avivit"	""	""	""	""
"za102"	"Boasson Amija"	"Kidron Avivit"	""	""	""	""
"za103"	"Boasson Amija"	"Kidron Avivit"	"Boasson Amija"	""	""	""
"za104"	"Boasson Amija"	"Kidron Avivit"	""	""	""	""
"za105"	"Boasson Amija"	"Kidron Avivit"	""	""	""	""
"za106"	"Boasson  Amija"	"Kidron  Avivit"	""	""	""	""
"za107"	"Boasson Amija"	"Avivit Kidron"	""	""	""	""
"za108"	"Boasson Amija"	"Kidron Avivit"	""	""	""	""
"za109"	"Boasson Amija"	"Kidron Avivit"	"Boasson Amija"	""	""	""
"za110"	"Boasson Amija"	"Kidron Avivit"	"Boasson Amija"	""	""	""
"za111"	"Boasson Amija"	"Kidron Avivit"	""	""	""	""
"za112"	"Boasson Amija"	"Kidron Avivit"	""	""	""	""
"za113"	"Boasson Amija"	"Kidron Avivit"	""	""	""	""
"za114"	"Boasson  Amija"	"Kidron  Avivit"	""	""	""	""
"za115"	"Boasson  Amija"	"Kidron  Aivivit"	""	""	""	""
"za116"	"Boasson Amija"	"Kidron Avivit"	""	""	""	""
"za117"	"Boasson Amija"	"Kidron Avivit"	""	""	""	""
"za118"	"Boasson Amija"	"Kidron Avivit"	"Boasson Amija"	""	""	""
"za119"	"Felsen Doris"	"Felsen Doris"	"k.A."	""	""	""
"za120"	"Frenkel Viviana"	"Frenkel Viviana"	"Sullam Sara"	""	""	""
"za121"	"Frenkel Viviana"	"Frenkel Viviana"	"Sullam Sara"	""	""	""
"za122"	"Frenkel, Viviana"	"Frenkel, Viviana"	"Sullam, Sara"	""	""	""
"za123"	"Felsen, Doris"	"Felsen, Doris"	"k.A."	""	""	""
"za124"	"Felsen, Doris"	"Felsen, Doris"	"k.A."	""	""	""
"za125"	"Felsen Doris"	"Felsen Doris"	"Sullam Sara ; Luedde Florian"	""	""	""
"za126"	"Frenkel, Viviana"	"Frenkel, Viviana"	"k.A."	""	""	""
"za127"	"Felsen Doris"	"Felsen Doris"	"k.A."	""	""	""
"za128"	"Schölzel, Christian"	" -  [Extra-Interview außerhalb der Vertragsleistung]"	""	""	""	""
"za129"	"Schölzel, Christian"	"Grünfelder, Anna-Maria"	"Grünfelder, Anna-Maria"	""	""	""
"za130"	"Schölzel, Christian"	"Kästner, Cornelia"	""	"Boris Behnen"	""	""
"za131"	"Schölzel, Christian"	" -  [Extra-Interview außerhalb der Vertragsleistung]"	""	""	""	""
"za132"	"Schölzel, Christian"	"Čizmić, Vlatka"	""	""	""	""
"za133"	"Schölzel, Christian"	"Kästner, Cornelia"	""	""	""	""
"za134"	"Schölzel, Christian"	"Kästner, Cornelia"	""	""	""	""
"za135"	"Schölzel, Christian"	"Kästner, Cornelia"	""	""	""	""
"za136"	"Schölzel, Christian"	"Čizmić, Vlatka"	""	""	""	""
"za137"	"Schölzel, Christian"	"k.A."	""	""	""	""
"za138"	"Schölzel, Christian"	"Grünfelder, Anna-Maria"	"Grünfelder, Anna-Maria"	""	""	""
"za139"	"Schölzel, Christian"	"Kästner, Cornelia"	""	""	""	""
"za140"	"Vanda Zamicka-Bergendahl"	"Vanda Zamicka-Bergendahl"	""	""	""	""
"za141"	"Vanda Zamicka-Bergendahl"	"Vanda Zamicka-Bergendahl"	""	""	""	""
"za142"	"Vanda Zamicka-Bergendahl"	"Vanda Zamicka-Bergendahl"	""	""	""	""
"za143"	"Brūvere Kristīne"	"Brūvere Kristīne"	"Gobiņš Mārcis"	""	""	""
"za144"	"Brūvere Kristīne"	"Brūvere Kristīne"	""	""	""	""
"za145"	"Dovidocius Simonas"	"k.A."	""	""	""	""
"za146"	" Beliauskene Roza"	"Ilana Nutkevitch"	""	""	""	""
"za147"	" Beliauskene Roza"	"k.A."	""	""	""	""
"za148"	"Simonas Dovidavicius"	"k.A."	"k.A."	""	""	""
"za149"	"Roza Beilasskene"	"Ilana Nutkevitch"	""	""	""	""
"za150"	"Roza Bieliauskiene"	"k.A."	""	""	""	""
"za151"	"Dovidavicius Simonas"	"k.A."	"k.A."	""	""	""
"za152"	"Ilja Lempertas"	"Ilana Nutkevich"	""	""	""	""
"za153"	"Demirovski Orhan "	"Taleska Tereza"	""	""	""	""
"za154"	"Taleska, Tereza"	"Taleska, Tereza"	"Petrovska, Aneta"	""	""	""
"za155"	"Taleska, Tereza"	"Taleska, Tereza"	""	""	""	""
"za156"	"Taleska, Tereza"	"Taleska, Tereza"	"Petrovska, Aneta, Utevska, Barbel"	""	""	""
"za157"	"Taleska, Tereza"	"Taleska, Tereza"	""	""	""	""
"za158"	"Taleska, Tereza"	"Taleska, Tereza"	""	""	""	""
"za159"	"Ciocanu Dorian"	"Ciocanu Dorian"	""	""	""	""
"za160"	"Cojocaru Lilia"	"Apostol Ecaterina"	"Cristescu Irene"	""	""	""
"za161"	"Cojocaru Lilia"	"Gherman Boris"	"k.A."	""	""	""
"za162"	"Cojocaru Lilia"	"Gherman Boris"	""	""	""	""
"za163"	"Cojocaru Lilia"	"Apostol Ecaterina"	"Cristescu Irene"	""	""	""
"za164"	"Ciocanu Dorian"	"Ciocanu Dorian"	"k.A."	""	""	""
"za165"	"Leydesdorff Universitat von Amsterdam"	"Germa Philips BTDE Ijmuiden"	"Rosi Wiegmann"	""	""	""
"za166"	"Ellis Jonker"	"Germa Philips"	""	""	""	""
"za167"	"Jonker, Ellis"	"Wiegmann, Rosi"	"k.A."	""	""	""
"za168"	"Jonker, Ellis"	"Philips, Germa"	"Germa Philips"	""	""	""
"za169"	"Selma Leydesdorff"	"Germa hilips BTDE"	""	""	""	""
"za170"	"Aarts, Frank"	"Wiegmann, Rosi"	"BTDE tekstverwerkingsbureau"	""	""	""
"za171"	"Ellis Jonker"	"Philips, Germa"	""	""	""	""
"za172"	"Selma leydesdorff"	"Germa Philips, BTDE Ijmuiden"	""	""	""	""
"za173"	"Ellis Jonker"	"Germa Philips"	""	""	""	""
"za174"	"Ellis Jonker"	"Germa Philips"	""	""	""	""
"za175"	"Jerkö, Bente"	"Jakobsen, Jan Aasmund"	"Prengel, Gudrun"	""	""	""
"za176"	"Jerkö, Bente"	"Jakobsen, Jan Aasmund"	"Prengel, Gudrun"	""	""	""
"za177"	"Bente Jerkø"	"Jan Aasmund Jakobsen"	""	""	""	""
"za178"	"Jerkö, Bente"	"Jakobsen, Jan Aasmund"	"Prengel, Gudrun"	""	""	""
"za179"	"Jerkø, Bente "	"Jakobsen, Jan Aasmund"	""	""	""	""
"za180"	"Jerkö, Bente"	"Jakobsen, Jan Aasmund"	"Prengel, Gudrun"	""	""	""
"za181"	"Jerkø, Bente"	"Jakobsen, Jan Aasmund"	""	""	""	""
"za182"	"Bente Jerkø"	"Jakobsen, Jan Aasmund"	"k.A."	""	""	""
"za183"	"Bente Jerkø"	"Jan Aasmund Jakobsen"	"Gudrun Prengel"	""	""	""
"za184"	"Jerkö, Bente"	"Jakobsen, Jan Aasmund"	"Prengel, Gudrun"	""	""	""
"za185"	"Jerkö, Bente"	"Jakobsen, Jan Aasmund"	"Prengel, Gudrun"	""	""	""
"za186"	"Filipkowski, Piotr"	"Marta Szymańska"	""	""	""	""
"za187"	"Pałka, Jarosław"	"Pałka, Jarosław"	""	""	""	""
"za188"	"Pałka, Jarosław"	"Pałka, Jarosław"	""	""	""	""
"za189"	"Madoń-Mitzner, Katarzyna"	"k.A."	""	""	""	""
"za190"	"Madoń-Mitzner, Katarzyna"	"Szymańska, Marta"	"k.A."	""	""	""
"za191"	"Kokalj Kocevar, Monika"	"Uhan, Nevenka"	"Frank, Gabi"	""	""	""
"za192"	"Filipkowski, Piotr"	"k.A."	""	""	""	""
"za193"	"Madoń-Mitzner, Katarzyna"	"Wiśniewski, Jakub"	"k.A."	""	""	""
"za194"	"Filipkowski, Piotr"	"Paweł Pięciak"	""	""	""	""
"za195"	"Madoń-Mitzner, Katarzyna"	"k.A."	"k.A."	""	""	""
"za196"	"Filipkowski, Piotr"	"Katarzyna Jolanta Górska"	""	""	""	""
"za197"	"Madoń-Mitzner, Katarzyna"	"Szymańska, Marta"	"k.A."	""	""	""
"za198"	"Pałka, Jarosław"	"k.A."	""	""	""	""
"za199"	"Filipkowski, Piotr"	"Szymańska, Marta"	"k.A."	""	""	""
"za200"	"Madoń-Mitzner, Katarzyna"	"Marta Szymańska"	""	""	""	""
"za201"	"Madoń-Mitzner, Katarzyna"	"k.A."	""	""	""	""
"za202"	"Pałka, Jarosław"	"Pałka, Jarosław"	""	""	""	""
"za203"	"Filipkowski, Piotr"	"k.A."	"k.A."	""	""	""
"za204"	"Filipkowski, Piotr"	"Marta Szymańska"	""	""	""	""
"za205"	"Czapigo, Dominik"	"k.A."	""	""	""	""
"za206"	"Gąsior, Grzegorz"	"Gąsior, Grzegorz"	""	""	""	""
"za207"	"Kasprzak, Tomasz"	"k.A."	""	""	""	""
"za208"	"Madoń-Mitzner, Katarzyna"	"Szymańska, Marta"	""	""	""	""
"za209"	"Madoń-Mitzner, Katarzyna"	"Marta Szymańska"	""	""	""	""
"za210"	"Górska, Katarzyna Jolanta"	"Górska, Katarzyna Jolanta"	""	""	""	""
"za211"	"Pałka, Jarosław"	"Marta Szymańska"	""	""	""	""
"za212"	"Madoń-Mitzner, Katarzyna"	"Szymańska, Marta"	"k.A."	"Karolina Knopik, Jacek Izdebski"	""	""
"za213"	"Jaslikowska, Agnieszka"	"k.A."	""	""	""	""
"za214"	"Filipkowski, Piotr"	"Marta Szymańska"	""	""	""	""
"za215"	"Czapigo, Dominik"	"Wiśniewski, Jakub"	""	""	""	""
"za216"	"Pięciak, Paweł"	"Pięciak, Paweł"	""	""	""	""
"za217"	"Czapigo, Dominik"	"Wiśniewski, Jakub"	""	""	""	""
"za218"	"Filipkowski, Piotr"	"k.A."	""	""	""	""
"za219"	"Pałka, Jarosław"	"k.A."	""	""	""	""
"za220"	"Madoń-Mitzner Katarzyna"	"Szymańska Marta"	"Nowicki Angela"	"Verena Bunkus, Katarzyna Wojtak"	""	""
"za221"	"Filipkowski, Piotr"	"Marta Szymańska"	"k.A."	"Lukasz Zablonski, Magdalena Samp"	""	""
"za222"	"Filipkowski, Piotr"	"Szymańska, Marta"	""	""	""	""
"za223"	"Pałka, Jarosław"	"k.A."	""	""	""	""
"za224"	"KASPRZAK ANTONINA"	"k.A."	""	""	""	""
"za225"	"Filipkowski, Piotr"	"Marta Szymańska"	""	""	""	""
"za226"	"Pałka, Jarosław"	"k.A."	""	""	""	""
"za227"	"Filipkowski, Piotr"	"Szymańska, Marta"	"k.A."	""	""	""
"za228"	"Filipkowski, Piotr"	"Jarosław Pałka"	""	""	""	""
"za229"	"Madoń-Mitzner, Katarzyna"	"Pałka, Jarosław"	"k.A."	""	""	""
"za230"	"Filipkowski, Piotr"	"Marta Szymańska"	"k.A."	"Florentine Schmidtmann, Magda Wolska, Magdalena Zeman"	""	""
"za231"	"Puchalska, Katarzyna"	"Katarzyna Puchalska"	""	""	""	""
"za232"	"Filipkowski, Piotr"	"Marta Szymańska"	""	""	""	""
"za233"	"Filipkowski, Piotr"	"k.A."	"k.A."	"Karl Konarzewski, Karolina Purska"	""	""
"za234"	"Filipkowski, Piotr"	"Szymańska, Marta"	""	""	""	""
"za235"	"Górska, Katarzyna Jolanta"	"k.A."	""	""	""	""
"za236"	"Madoń-Mitzner, Katarzyna"	"Jarosław Pałka"	""	""	""	""
"za237"	"Madoń-Mitzner, Katarzyna"	"k.A."	""	""	""	""
"za238"	"Czapigo Dominik"	"Szymańska Marta"	""	""	""	""
"za239"	"Madoń-Mitzner, Katarzyna"	"k.A."	""	""	""	""
"za240"	"Filipkowski, Piotr"	"Szymańska, Marta"	""	""	""	""
"za241"	"Pięciak, Paweł"	"Pięciak, Paweł"	""	""	""	""
"za242"	"Pięciak, Paweł"	"Pięciak, Paweł"	""	""	""	""
"za243"	"Pałka, Jarosław"	"Pałka, Jarosław"	""	""	""	""
"za244"	"Filipkowski, Piotr"	"Szymańska, Marta"	"k.A."	""	""	""
"za245"	"Pałka, Jarosław"	"Pałka, Jarosław"	""	""	""	""
"za246"	"Filipkowski, Piotr"	"Szymańska, Magda"	"k.A."	""	""	""
"za247"	"Filipkowski, Piotr"	"k.A."	""	""	""	""
"za248"	"Kasprzak, Tomasz"	"k.A."	""	""	""	""
"za249"	"Czerwiakowski, Ewa"	"Czerwiakowski, Ewa"	""	""	""	""
"za250"	"Czerwiakowski, Ewa"	"Czerwiakowski, Ewa"	""	""	""	""
"za251"	"Czerwiakowski, Ewa"	"Czerwiakowski, Ewa"	"Czerwiakowski, Ewa"	"Roland Borchers, Jacek Andrzeijewski"	""	""
"za252"	"Czerwiakowski, Ewa"	"Czerwiakowski, Ewa"	""	""	""	""
"za253"	"Czerwiakowski, Ewa"	"Czerwiakowski, Ewa"	"Czerwiakowski, Ewa"	"Marta Holomková, Piotr Chruścielski"	""	""
"za254"	"Czerwiakowski, Ewa"	"Czerwiakowski, Ewa"	""	""	""	""
"za255"	"Czerwiakowski, Ewa"	"Czerwiakowski, Ewa"	"Czerwiakowski, Ewa"	"Eva-Maria Schnecke, Joanna Kalicka"	""	""
"za256"	"Czerwiakowski, Ewa"	"Czerwiakowski, Ewa"	""	""	""	""
"za257"	"Czerwiakowski, Ewa"	"Czerwiakowski, Ewa"	""	""	""	""
"za258"	"Czerwiakowski, Ewa"	"Czerwiakowski, Ewa"	"Czerwiakowski, Ewa"	""	""	""
"za259"	"Czerwiakowski, Ewa"	"Czerwiakowski, Ewa"	""	""	""	""
"za260"	"Artur Podgórski"	"Aleksandra Semeniuk "	"k.A."	""	""	""
"za261"	"Artur Podgórski"	"Aleksandra Semeniuk "	"Thomas Hensel"	""	""	""
"za262"	"Artur Podgórski"	"Aleksandra Semeniuk "	""	""	""	""
"za263"	"Artur Podgórski"	"Thomas Hensel"	"k.A."	""	""	""
"za264"	"Artur Podgórski"	"Aleksandra Semeniuk "	""	""	""	""
"za265"	"Gheorghe, Adriana "	"Gheorghe, Adriana"	"Cristescu, Irene"	""	""	""
"za266"	"Popa, Bogdan"	"Toader, Angela"	""	""	""	""
"za267"	"Angela Toader"	"Angela Toader"	""	""	""	""
"za268"	"Gheorghe, Adriana "	"Gheorghe, Adriana"	""	""	""	""
"za269"	"Gheorghe, Adriana "	"Gheorghe, Adriana"	"Cristescu, Irene"	""	""	""
"za270"	"Toader Angela"	"Toader Angela"	""	""	""	""
"za271"	"Popa, Bogdan"	"Toader, Angela"	""	""	""	""
"za272"	"Toader, Angela"	"Toader, Angela"	""	""	""	""
"za273"	"Gheorghe, Adriana "	"Draşovean, Marius"	""	""	""	""
"za274"	"Gheorghe, Adriana "	"Rumänische"	"Gheorghe, Adriana"	""	""	""
"za275"	"Gheorghe, Adriana "	"Gheorghe, Adriana, Chiper, Ioan für Russische Worten"	""	""	""	""
"za276"	"Gheorghe, Adriana"	"Gheorghe, Adriana"	"k.A."	""	""	""
"za277"	"Popa, Bogdan"	"Toader, Angela"	""	""	""	""
"za278"	"Gheorghe, Adriana "	"Draşovean, Marius"	""	""	""	""
"za279"	"Gheorghe, Adriana "	"Gheboianu, Matei"	""	""	""	""
"za280"	"Angela Toader"	"Angela Toader"	""	""	""	""
"za281"	"Gheorghe, Adriana "	"Gheorghe, Adriana"	"Cristescu, Irene"	""	""	""
"za282"	"Alena Kozlova"	"k.A."	""	""	""	""
"za283"	"Ostrovskaja, Irinia"	"Teplova, O."	"Weisskoppel, Angela"	""	""	""
"za284"	"Scherbakowa,  Irina"	"Klimowitsch Marina"	"Weisskoppel Angela"	""	""	""
"za285"	"Ostrowskaja, Irina"	"k.A."	"k.A."	""	""	""
"za286"	"Ostrowskaja, Irina"	"Kolpakowa, Julia"	"Weisskoppel, Angela"	""	""	""
"za287"	"Kozlowa, Alena"	"k.A."	""	""	""	""
"za288"	"Ostrovskaja, Irina"	"k.A."	"Weisskoppel, Angela"	""	""	""
"za289"	"Kozlowa, Alena"	"k.A."	""	""	""	""
"za290"	"Ostrovskaj, Irina"	"Teplowa, Olga"	"Weisskoeppel, Angela"	""	""	""
"za291"	"Kozlowa, Alena"	"Kolpakowa, Julia"	"k.A."	""	""	""
"za292"	"Kozlowa, Alena"	"Marina Klimowisch"	"Weisskoeppel, Angela"	""	""	""
"za293"	"Kozlova, Alena"	"k.A."	"Weisskoeppel, Angela"	""	""	""
"za294"	"Ostrowskaj, Irina"	"Saliewa, Elwira"	"Weisskoeppel, Angela"	""	""	""
"za295"	"Scherbakowa, Irina"	"Klimowitsch, Marina"	"Weisskoppel  Angela"	""	""	""
"za296"	"Ostrowskaja, Irina"	"k.A."	""	""	""	""
"za297"	"Alena Kozlova"	"k.A."	""	""	""	""
"za298"	"Kozlowa, Alena"	"k.A."	""	""	""	""
"za299"	"Ostrovskaja"	"k.A."	"Weisskoppel, Angela"	""	""	""
"za300"	"Ostrovskaja"	"k.A."	""	""	""	""
"za301"	"Kozlowa, Alena"	"k.A."	"k.A."	""	""	""
"za302"	"Kozlowa, Alena"	"k.A."	""	""	""	""
"za303"	"Ostrowskaja, Irina"	"k.A."	"Weisskoppel, Angela"	""	""	""
"za304"	"Alena Kozlowa"	"k.A."	"k.A."	""	""	""
"za305"	"Kozlowa, Alena"	"k.A."	""	""	""	""
"za306"	"Ostrowskaja, Irina"	"Belikowa, Wiktoria"	"Weisskoppel, Angela"	""	""	""
"za307"	"Ostrovskaja, Irina"	"Teplowa, Belekowa"	"Weisskoppel, Angela"	""	""	""
"za308"	"Ostrowskaja, Irina"	"Saliewa, E."	"Weisskoppel, Angela"	""	""	""
"za309"	"Kozlova, Alena; Scherbakowa, Irina"	"k.A."	"k.A."	""	""	""
"za310"	"Ostrowskaja, Irina"	"Teplova,  Olga"	"Weisskoppel, Angela"	""	""	""
"za311"	"Ostrowskaja, Irina"	"Buwina, Galina"	"Weisskoppel, Angela"	""	""	""
"za312"	"Ostrowskaj, Irina"	"Teplowa, Olga"	"Weisskoeppel, Angela"	""	""	""
"za313"	"Ostrovskaja, Irina"	"Ostrovskaja, Julija"	"Weisskoppel, Angela"	""	""	""
"za314"	"Kozlowa, Alena"	"Marina Klimowisch"	"Weisskoeppel, Angela"	""	""	""
"za315"	"Kozlowa, Alena"	"Buvina Galina"	""	""	""	""
"za316"	"Kozlowa, Alena"	"k.A."	""	""	""	""
"za317"	"Mescherkina-Rozhdestvenskaja Elena"	""	""	""	""	""
"za318"	"Meshcherkina Elena"	"Eremenko Dmitriy"	""	""	""	""
"za319"	"Semenova Victoria"	"Fominova I., Koroljova E,"	""	""	""	""
"za320"	"Meshcherkina Elena"	"Koroljova E."	""	""	""	""
"za321"	"Olga Nikitina"	"Elena Koroleva"	""	""	""	""
"za322"	"Semenova Victoria"	"Erjomenko Dmitry"	""	""	""	""
"za323"	"Mescherkina-Rozhdestvenskaja Elena "	""	""	""	""	""
"za324"	"Semenova Victoria"	"Fominova Irina"	""	""	""	""
"za325"	"Meshcherkina  Elena"	"Peschkova V."	""	""	""	""
"za326"	"Semenova Victoria"	"k.A."	""	""	""	""
"za327"	"Reznikova, Anna"	"Reznikova, Anna"	""	""	""	""
"za328"	"Nadeschda, Kiseleva"	"Nadeschda, Kiseleva"	""	""	""	""
"za329"	"Belozërova, Julia"	"Belozërova, Julia"	""	""	""	""
"za330"	"Anna Reznikova"	"Nadežda Kiseleva"	""	""	""	""
"za331"	"Anna Reznikova"	"Anna Reznikova"	"k.A."	"Phillip Schwartz, Antonina Klokova"	""	""
"za332"	"Dr. Julia Belozjorova"	"Dr. Julia Belozjorova"	""	""	""	""
"za333"	"Julia Belozerova"	"Julia Belozerova"	""	""	""	""
"za334"	"Anna Reznikova"	"Anna Reznikova"	"k.A."	""	""	""
"za335"	"Belozerova, Julia"	"Belozerova, Julia"	""	"Sabine Rossmann, Olga Marmilova"	""	""
"za336"	"Belozerova, Julia"	"Belozerova, Julia"	""	""	""	""
"za337"	"Dr. Julia Belozjorova"	"Dr. Julia Belozjorova"	""	""	""	""
"za338"	"Dr. Julia Belosörowa"	"Dr. Julia Belosörowa"	""	""	""	""
"za339"	"Anna Reznikova"	"Anna Reznikova"	""	""	""	""
"za340"	"Julia Belozerova"	"Julia Belozerova"	""	""	""	""
"za341"	"Natalia Timofejewa / Ekaterina Rjaschskich "	"Vladislav Chodokovskij "	""	""	""	""
"za342"	"Timofejewa Natalia"	"Rjaschskich , Jekaterina"	""	""	""	""
"za343"	"Dr. Julia Belozjorova"	"Dr. Julia Belozjorova"	"k.A."	"Svetlana Fink, Margarita Kurotschkina"	""	""
"za344"	"Timofejewa Natalia, Rjaschskich Ekaterina"	"Markowa, Swetlana"	""	""	""	""
"za345"	"Danchenko, Elena"	"Danchenko, Elena"	""	""	""	""
"za346"	"Timofejewa Natalia"	"Iwannikowa Tatjana, Korotun Sergej, Markova Swetlana"	"Grischajewa Ludmilla"	""	""	""
"za347"	"Timofejewa Natalia"	"Mamonow Michail"	""	""	""	""
"za348"	"Timofejewa Natalia"	"Beresjanskaja Olga, Rodnew Roman"	"Grischajewa Ludmilla"	""	""	""
"za349"	"Timofejewa Natalia"	"Sitnikova Elena"	"Grischajewa Ludmilla"	""	""	""
"za350"	"Timofejewa Natalia"	"Sitnikova Elena"	""	""	""	""
"za351"	"Wiesinger, Barbara Nicole"	"Trklja, Aleksandar, Wiesinger, Barbara Nicole"	"Wiesinger, Barbara Nicole"	""	""	""
"za352"	"Timofejewa Natalia"	"Gorlova Olga"	""	""	""	""
"za353"	"Wiesinger, Barbara Nicole"	"Trklja, Aleksandar, Wiesinger, Barbara Nicole"	"Wiesinger, Barbara Nicole"	""	""	""
"za354"	"Wiesinger,Barbara"	"Trklja, Aleksandar, Wiesinger, Barbara"	""	""	""	""
"za355"	"Wiesinger, Barbara Nicole"	"Trklja, Aleksandar, Wiesinger, Barbara Nicole"	""	""	""	""
"za356"	"Wiesinger, Barbara"	"Trklja, Aleksandar, Wiesinger, Barbara"	""	""	""	""
"za357"	"Wiesinger, Barbara N., Trklja, Aleksandar, Wiesinger, Barbara N."	"k.A."	""	""	""	""
"za358"	"Wiesinger, Barbara N., Trklja, Aleksandar, Wiesinger, Barbara N."	"k.A."	""	""	""	""
"za359"	"Wiesinger, Barbara Nicole"	"Trklja, Aleksandar, Wiesinger, Barbara Nicole"	""	""	""	""
"za360"	"Wiesinger, Barbara Nicole"	"Trklja, Aleksandar , Wiesinger, Barbara Nicole"	""	""	""	""
"za361"	"Wiesinger, Barbara Nicole"	"Trklja, Aleksandar, Wiesinger, Barbara Nicole"	"k.A."	""	""	""
"za362"	"Wiesinger, Barbara Nicole"	"Trklja, Aleksandar, Wiesinger, Barbara Nicole"	"Wiesinger, Barbara Nicole"	""	""	""
"za363"	"Kovács, Éva"	"Nagy, Krisztina"	""	""	""	""
"za364"	"Kovács, Éva"	"Nagy, Krisztina"	""	""	""	""
"za365"	"Kovács, Éva"	"Nagy, Krisztina"	""	""	""	""
"za366"	"Kovács, Éva"	"Nagy, Krisztina"	""	""	""	""
"za367"	"Schuster, Michal"	"Moravčíková, Ivana"	"k.A."	""	""	""
"za368"	"Opluštil, Jiří"	"Synaková, Katarína"	""	""	""	""
"za369"	"Opluštil, Jiří"	"Synaková, Katarína"	""	""	""	""
"za370"	"Schuster, Michal / Danielová, Helena"	"Palčáková, Jaroslava"	""	""	""	""
"za371"	"Opluštil, Jiří"	"Hošalová, Marika"	""	""	""	""
"za372"	"Opluštil, Jiří"	"Moravčíková, Ivana"	""	""	""	""
"za373"	"Jakschová, Viola"	"k.A."	"k.A."	""	""	""
"za374"	"Kokalj Kočevar, Monika"	"Martinšek, Jasna"	"Frank, Gabi"	""	""	""
"za375"	"Kokalj Kočevar, Monika"	"Uršič, Irena"	"Frank, Gabi"	""	""	""
"za376"	"Kokalj  Kočevar, Monika"	"Kirn Tina"	"Frank Gabi"	""	""	""
"za377"	"Kokalj  Kočevar, Monika"	"Stibilj Katarina"	"Übersetzungsbüro Smolle"	""	""	""
"za378"	"Ghitis, Sara"	"Eisenberg, Mim"	"Pozzi-Thanner, Elisabeth"	""	""	""
"za379"	"Kokalj  Kočevar, Monika"	"Jager Lovec Urška"	"Frank Gabi"	""	""	""
"za380"	"Kokalj Kočevar Monika"	"Jutriša Aleksandra"	"Übersetzungsbüro Smolle"	""	""	""
"za381"	"Kokalj  Kočevar, Monika"	"Kirn Tina"	"Übersetzungsbüro Smolle "	""	""	""
"za382"	"Kokalj Kočevar Monika"	"Jager Lovec Urška"	"Frank Gabi"	""	""	""
"za383"	"Kokalj  Kočevar Monika"	"Jager Lovec Urška"	"Frank Gabi"	""	""	""
"za384"	"Kokalj  Kočevar, Monika"	"Jager Lovec Urška"	"Frank Gabi"	""	""	""
"za385"	"Kokalj  Kočevar, Monika"	"Kirn Tina"	"Übersetzungsbüro Smolle "	""	""	""
"za386"	"Kokalj Kočevar, Monika"	"Martinšek, Jasna"	"Frank, Gabi"	""	""	""
"za387"	"Kokalj Kočevar, Monika"	"Jutriša Aleksandra"	"Kavčič Silvija"	""	""	""
"za388"	"Kokalj Kočevar Monika"	"Jager Lovec Urška"	"Frank Gabi"	""	""	""
"za389"	"Kokalj Kočevar, Monika"	"Uršič, Irena"	"Frank, Gabi"	""	""	""
"za390"	"Kokalj Kočevar Monika"	"Kirn Tina"	"Frank Gabi"	""	""	""
"za391"	"Kokalj  Kočevar Monika"	"Jager Lovec Urška"	"Frank Gabi"	""	""	""
"za392"	"Kokalj Kočevar Monika"	"Kuhar Nataša"	"Kavčič Silvija"	""	""	""
"za393"	"Kokalj Kočevar Monika"	"Bizjan Tanja"	"Frank Gabi"	""	""	""
"za394"	"Kokalj Kočevar Monika"	"Jager Lovec Urška"	"Frank Gabi"	""	""	""
"za395"	"Kokalj  Kočevar Monika"	"Jutriša Aleksandra"	"Kavčič Silvija"	""	""	""
"za396"	"Kokalj Kočevar, Monika"	"Uršič, Irena"	"Frank, Gabi"	""	""	""
"za397"	"Kokalj Kočevar Monika"	"Uršič, Irena"	"Frank, Gabi"	""	""	""
"za398"	"Dagi Knellessen"	"Dagi Knellessen"	""	""	""	""
"za399"	"Knellessen, Dagi"	"Knellessen, Dagi"	""	""	""	""
"za400"	"Knellessen, Dagi"	"Knellessen, Dagi"	"Bruder, Franziska"	""	""	""
"za401"	"Dagi Knellessen"	"k.A."	"Franziska Bruder"	""	""	""
"za402"	"Dagi Knellessen"	"Dagi Knellessen"	""	""	""	""
"za403"	"Knellessen, Dagi"	"Bruder, Franziska"	"Bruder, Franziska"	""	""	""
"za404"	"Knellessen, Dagi"	"Bruder, Franziska"	"Bruder, Franziska"	""	""	""
"za405"	"Mercedes Vilanova"	"Lluis Ubeda"	""	""	""	""
"za406"	"Mercedes Vilanova"	"Lluís Úbeda"	""	""	""	""
"za407"	"Mercedes Vilanova"	"Lluis Ubeda"	""	""	""	""
"za408"	"Mercedes Vilanova"	"Lluís Úbeda"	""	""	""	""
"za409"	"Knellessen, Dagi"	"Alexander Ruoff"	"Bureau, Marianne"	""	""	""
"za410"	"Mercedes Vilanova"	"Lluis Ubeda"	""	""	""	""
"za411"	"Mercedes Vilanova"	"Lluis Úbeda"	""	""	""	""
"za412"	"Mercedes Vilanova"	"Lluis Úbeda"	"Oliver Strunk"	""	""	""
"za413"	"Mercedes Vilanova"	"Lluis Ubeda"	"Oliver Strunk"	""	""	""
"za414"	"Mercedes Vilanova"	"Lluis Ubeda"	""	""	""	""
"za415"	"Vilanova, Mercedes"	"Úbeda, LLuis"	""	""	""	""
"za416"	"Lerer Cohen , Rose"	"Cheryl Balshayi"	""	""	""	""
"za417"	"Robins, Gwynne"	"Beinart, Bernice"	""	""	""	""
"za418"	"Robins, Gwynne"	"Beinart, Bernice"	""	""	""	""
"za419"	"Mercedes Vilanova"	"Lluis Úbeda"	"Oliver Strunk"	""	""	""
"za420"	"Robins, Gwynne"	"Beinart, Bernice"	""	""	""	""
"za421"	"Lerer Cohen, Rose"	"Cheryl Balshayi"	""	""	""	""
"za422"	"Lerer Cohen, Rose"	"Balshayi, Cheryl"	""	""	""	""
"za423"	"Lerer Cohen, Rose"	"Cheryl Balshayi"	"k.A."	""	""	""
"za424"	"Lerer Cohen, Rose"	"Cheryl Balshayi"	"k.A."	""	""	""
"za425"	"Jakschová,  Viola"	"Voba"	"Sabine Podrabská"	""	""	""
"za426"	"Hamplová Tereza"	"Jan Paleček"	""	""	""	""
"za427"	"Opluštil, Jiří"	"Voba"	""	""	""	""
"za428"	"Hamplová Tereza"	"Jan Paleček"	""	""	""	""
"za429"	"Jirků, Gabriela"	"Voba"	""	""	""	""
"za430"	"Jarská,  Šárka"	"Paleček, Jan"	"k.A."	""	""	""
"za431"	"Jarská Šárka"	"k.A."	""	""	""	""
"za432"	"Opluštil, Jiří"	"Voba"	""	""	""	""
"za433"	"Horváthová, Jana, Schuster Michal"	"Voba"	"k.A."	""	""	""
"za434"	"Danielová, Helena"	"Paleček, Jan"	""	""	""	""
"za435"	"Hamplová Tereza"	"Voba"	""	""	""	""
"za436"	"Jiří Opluštil"	"Voba"	""	""	""	""
"za437"	"Hamplová Tereza"	"Jan Paleček"	""	""	""	""
"za438"	"Hamplová Tereza"	"Michaela Váňová, VOBA"	""	""	""	""
"za439"	"Opluštil Jiří"	"Voba"	""	""	""	""
"za440"	"Jirků Gabriela"	"Voba"	""	""	""	""
"za441"	"Jarská,  Šárka"	"k.A."	"k.A."	""	""	""
"za442"	"Jarská, Šárka"	"k.A."	""	""	""	""
"za443"	"Schuster, Michal"	"k.A."	""	""	""	""
"za444"	"Jarská,  Šárka"	"k.A."	""	""	""	""
"za445"	"Opluštil, Jiří"	"Voba"	""	""	""	""
"za446"	"Hamplová, Tereza"	"Voba"	""	""	""	""
"za447"	"Opluštil, Jiří"	"Voba"	""	""	""	""
"za448"	"Schuster, Michal"	"Paleček, Jan"	"k.A."	""	""	""
"za449"	"Opluštil Jiří"	"Voba"	""	""	""	""
"za450"	"Jarská Šárka"	"k.A."	""	""	""	""
"za451"	"Jarská,  Šárka"	"Voba"	""	""	""	""
"za452"	"Jarská,  Šárka"	"Voba"	"Sabine Podrabska "	""	""	""
"za453"	"Jarská,  Šárka"	"k.A."	"k.A."	""	""	""
"za454"	"Jirků, Gabriela"	"Voba"	""	""	""	""
"za455"	"Martin Hořák"	"Voba"	""	""	""	""
"za456"	"Tereza Hamplová"	"k.A."	""	""	""	""
"za457"	"Jirků, Gabriela"	"Voba"	""	""	""	""
"za458"	"Hamplová Tereza"	"Voba"	"k.A."	""	""	""
"za459"	"Havlíková, Jana"	"Voba"	"Mráčková, Miriam"	""	""	""
"za460"	"Hamplová Tereza"	"Voba"	""	""	""	""
"za461"	"Kramářová, Jana"	"Voba"	""	""	""	""
"za462"	"Jarská,  Šárka"	"k.A."	""	""	""	""
"za463"	"Opluštil, Jiří"	"Voba"	""	""	""	""
"za464"	"Martin Hořák"	"Voba"	"Martin Hudec "	""	""	""
"za465"	"Grinchenko Gelinada,"	"Grinchenko Gelinada,"	"Majewskaja Lina"	""	""	""
"za466"	"Grinchenko Gelinada"	"Grinchenko Gelinada"	""	""	""	""
"za467"	"Pastuschenko, Tetiana"	"Pastuschenko, Tetiana"	"Majewskaja Lina"	"Grete Rebstock, Tatiana Makarova"	""	""
"za468"	"Pastuschenko, Tetiana"	"Pastuschenko, Tetiana"	"Majewskaja Lina"	""	""	""
"za469"	"Grinchenko Gelinada,, Rebrowa Irina"	"Grinchenko Gelinada,, Rebrowa Irina"	""	""	""	""
"za470"	"Grinchenko Gelinada, Rebrowa Irina"	"Grinchenko Gelinada, Rebrowa Irina"	""	""	""	""
"za471"	"Grinchenko Gelinada, Rebrowa Irina"	"Grinchenko Gelinada, Rebrowa Irina"	"Majewskaja Lina"	""	""	""
"za472"	"Tetiana Pastushenko"	"Tetiana Pastushenko"	"Majewskaja Lina"	""	""	""
"za473"	"Grinchenko Gelinada, Rebrowa Irina"	"Grinchenko Gelinada, Rebrowa Irina"	"Majewskaja Lina"	""	""	""
"za474"	"Pastuschenko, Tetiana"	"Pastuschenko, Tetiana"	"Majewskaja Lina"	"Daniela Raßloff"	""	""
"za475"	"Grinchenko Gelinada, Rebrowa Irina"	"Grinchenko Gelinada, Rebrowa Irina"	""	""	""	""
"za476"	"Tetiana Pastushenko"	"Tetiana Pastushenko"	""	""	""	""
"za477"	"Pastuschenko, Tatiana"	"Pastuschenko, Tatiana"	""	""	""	""
"za478"	"Pastushenko, Tetiana"	"Pastushenko, Tetiana"	""	""	""	""
"za479"	"Pastushenko, Tetiana"	"Pastushenko, Tetiana"	""	""	""	""
"za480"	"Grinchenko Gelinada"	"Grinchenko Gelinada"	""	""	""	""
"za481"	"Pastushenko, Tetiana"	"Pastushenko, Tetiana"	""	""	""	""
"za482"	"Pastushenko Tetiana "	"Pastushenko Tetiana"	"Majewskaja Lina"	""	""	""
"za483"	"Grinchenko Gelinada, Rebrowa Irina"	"Grinchenko Gelinada, Rebrowa Irina"	""	""	""	""
"za484"	"Pastushenko Tetiana"	"Pastushenko Tetiana"	""	""	""	""
"za485"	"Pastuschenko, Tetiana"	"Pastuschenko, Tetiana"	""	""	""	""
"za486"	"Tetiana Pastushenko"	"Tetiana Pastushenko"	"Majewskaja Lina"	""	""	""
"za487"	"Tatiana Pastushenko"	"Tatiana Pastusenko"	""	""	""	""
"za488"	"Tetiana Pastushenko"	"Tetiana Pastushenko"	""	""	""	""
"za489"	"Grinchenko Gelinada,"	"Grinchenko Gelinada,"	""	""	""	""
"za490"	"Pastuschenko, Tetiana"	"Pastuschenko, Tetiana"	""	""	""	""
"za491"	"Grinchenko Gelinada"	"Grinchenko Gelinada"	""	""	""	""
"za492"	"Pastushenko Tetiana"	"Pastushenko Tetiana"	""	""	""	""
"za493"	"Pastuschenko Tetiana"	"Pastuschenko Tetiana"	""	""	""	""
"za494"	"Tetiana Pastushenko"	"Tetiana Pastuschenko"	""	""	""	""
"za495"	"Grinchenko Gelinada, Rebrowa Irina"	"Grinchenko Gelinada, Rebrowa Irina"	""	""	""	""
"za496"	"Grinchenko Gelinada, Rebrowa Irina"	"Grinchenko Gelinada, Rebrowa Irina"	"Majewskaja Lina"	""	""	""
"za497"	"Musiezdov Alexei, Grinchenko Gelinada"	"Musiezdov Alexei, Grinchenko Gelinada"	""	""	""	""
"za498"	"Rebrowa Iryna, Grinchenko Gelinada"	"Rebrowa Iryna, Grinchenko Gelinada"	""	""	""	""
"za499"	"Grinchenko Gelinada, Rebrowa Irina"	"Grinchenko Gelinada, Rebrowa Irina"	""	""	""	""
"za500"	"Musiezdov Alexei, Grinchenko Gelinada"	"Musiezdov Alexei, Grinchenko Gelinada"	""	""	""	""
"za501"	"Grinchenko Gelinada, Rebrowa Irina"	"Grinchenko Gelinada, Rebrowa Irina"	"Majewskaja Lina"	""	""	""
"za502"	"Tetiana Pastushenko"	"Tetiana Pastushenko"	""	""	""	""
"za503"	"Grinchenko Gelinada, Musiesdow Oleksij "	"Grinchenko Gelinada, Musiesdow Oleksij"	""	""	""	""
"za504"	"Tetiana Pastushenko"	"Tetiana Pastushenko"	""	""	""	""
"za505"	"Grinchenko Gelinada, Rebrowa Irina"	"Grinchenko Gelinada, Rebrowa Irina"	""	""	""	""
"za506"	"Lapan T.D."	"Labyk L."	""	""	""	""
"za507"	"Lapan Tetjana"	"Horbatso Ivan"	"Semotjuk Orest"	""	""	""
"za508"	"Lapan T."	"Oksana Shevchuk"	""	""	""	""
"za509"	"Lapan T.D."	"k.A."	""	""	""	""
"za510"	"Lapan T."	"k.A."	""	""	""	""
"za511"	"Lapan T."	"Lapan R."	"Orest Ssemotjuk"	""	""	""
"za512"	"Lapan T."	"k.A."	""	""	""	""
"za513"	"Lapan T."	"Labyk L."	""	""	""	""
"za514"	"Lapan T."	"Lapan R."	"k.A."	""	""	""
"za515"	"Lapan Tetjana"	"Horbatso Ivan"	"Semotjuk Orest"	""	""	""
"za516"	"Lapan"	"Lapan"	""	""	""	""
"za517"	"Lapan T."	"Iwan Horbazjo"	"Orest Ssamotjuk"	""	""	""
"za518"	"Lapan T."	"Lapan T."	""	""	""	""
"za519"	"Lapan T."	"Lapan T."	"Ljubomyr"	""	""	""
"za520"	"Hurna Adriana Mychajliwna"	"Lapan Ruslan"	"Semotjuk Orest"	""	""	""
"za521"	"Lapan T.D."	"Maiya"	""	""	""	""
"za522"	"Lapan T."	"Rischko A."	""	""	""	""
"za523"	"Lapan T."	"Labyk L."	""	""	""	""
"za524"	"Lapan T."	"Labyk L."	""	""	""	""
"za525"	"Lapan T."	"Russlan Lapan"	"Oksana Sharyak"	""	""	""
"za526"	"Lapan T."	"Horbazyo I."	"k.A."	""	""	""
"za527"	"Halyna Bodnar"	"k.A."	""	""	""	""
"za528"	"Lapan T.D."	"Lapan R.J."	"Vasyl Lozynskiy"	""	""	""
"za529"	"Lapan T."	"k.A."	""	""	""	""
"za530"	"Horbazjo Iwan"	"Horbazjo Iwan"	""	""	""	""
"za531"	"Lapan T.D."	"Lapan T.D."	"Semotjuk Orest"	""	""	""
"za532"	"Lapan T."	"Lapan T."	""	""	""	""
"za533"	"Lapan T."	"Horbatsyo I."	""	""	""	""
"za534"	"Lapan T."	"k.A."	""	""	""	""
"za535"	"Lapan T.D."	"Lapan T.D."	"Semotjuk Orest"	""	""	""
"za536"	"Lapan T.D."	"k.A."	""	""	""	""
"za537"	""	"k.A."	""	""	""	""
"za538"	"Lapan T.D."	"Bodnar H."	"Semotyuk Orest"	""	""	""
"za539"	"Lapan T."	"Lapan R."	"k.A."	""	""	""
"za540"	"Lapan T."	"Kokovin O."	""	""	""	""
"za541"	"Lapan T."	"Lapan R."	""	""	""	""
"za542"	"Lapan T."	"Horbatso Iwan"	"Semotjuk Orest"	""	""	""
"za543"	"Lapan T."	"Ljubow Labyk"	"Orest Semotjuk"	""	""	""
"za544"	"Lapan T."	"Rishko A."	"k.A."	""	""	""
"za545"	"Lapan T.D."	"Horbatso Iwan"	"Semotjuk Orest"	""	""	""
"za546"	"Lapan T.D."	"Bodnar Halyna"	"Semotyuk Orest"	""	""	""
"za547"	"Pulay, Gergő"	"Nagy, Krisztina"	""	""	""	""
"za548"	"Kovács, Éva"	"Nagy, Krisztina"	""	""	""	""
"za549"	"Kovács, Éva"	"Nagy, Krisztina"	""	""	""	""
"za550"	"Pulay, Gergő"	"Hegedűs, Attila"	"Nagy, Krisztina, Dunai, Andrea"	""	""	""
"za551"	"Pulay, Gergő"	"Nagy, Krisztina"	"Dunai, Andrea"	""	""	""
"za552"	"Pulay, Gergő"	"Nagy, Krisztina"	"k.A."	""	""	""
"za553"	"Pulay, Gergő"	"Nagy, Krisztina"	""	""	""	""
"za554"	"Kovács, Éva"	"Nagy, Krisztina"	""	""	""	""
"za555"	"Pulay, Gergő"	"Nagy, Krisztina"	"Dunai, Andrea"	""	""	""
"za556"	"Pulay, Gergő"	"Hegedűs, Attila"	"Nagy, Krisztina, Dunai, Andrea"	""	""	""
"za557"	"Kovács, Éva"	"Nagy, Krisztina"	""	""	""	""
"za558"	"Kovács, Éva"	"Nagy, Krisztina"	""	""	""	""
"za559"	"Kovács, Éva"	"Nagy, Krisztina"	""	""	""	""
"za560"	"Kovács, Éva"	"Nagy, Krisztina"	"Dunai, Andrea"	""	""	""
"za561"	"Pulay, Gergő"	"Nagy, Krisztina"	""	""	""	""
"za562"	"Ghitis, Sara"	"Eisenberg, Mim"	"Pozzi-Thanner, Elisabeth"	""	""	""
"za563"	"Ghitis, Sara"	"Eisenberg, Mim"	"Pozzi-Thanner, Elisabeth"	""	""	""
"za564"	"Ghitis, Sara"	"Mim Eisenberg"	"Pozzi-Thanner, Elisabeth"	""	""	""
"za565"	"Ghitis, Sara"	"Eisenberg, Mim"	"Pozzi-Thanner, Elisabeth"	""	""	""
"za566"	"Ghitis, Sara"	"Eisenberg, Mim"	"Pozzi-Thanner, Elisabeth"	""	""	""
"za567"	"Ghitis, Sara"	"Eisenberg, Mim"	"Pozzi-Thanner, Elisabeth"	""	""	""
"za568"	"Ghitis, Sara"	"Eisenberg, Mim"	"Pozzi-Thanner, Elisabeth"	""	""	""
"za569"	"Ghitis, Sara"	"Eisenberg, Mim"	"Pozzi-Thanner, Elisabeth"	""	""	""
"za570"	"Laub, Dori"	"Taylor, Michelle und Bodenstab, Johanna"	"Huhnke, Brigitta"	""	""	""
"za571"	"Dori Laub"	"Michelle Taylor und Johanna Bodenstab"	"Martina Kolb"	""	""	""
"za572"	"Laub, Dori"	"Michelle Taylor / Heddy Ben-Atar / Johanna Bodenstab"	"Martina Kolb"	""	""	""
"za573"	"Laub, Dori"	"Resor, Nina"	"Bodenstab, Johanna"	""	""	""
"za574"	"Laub, Dori"	"Taylor, Michelle"	"Bodenstab, Johanna"	""	""	""
"za575"	"Laub, Dori"	"Taylor, Michelle und Resor, Nina"	"Huhnke, Brigitta"	""	""	""
"za576"	"Laub, Dori"	"Taylor, Michelle, Resor, Nina, Bodenstab, Johanna"	"k.A."	""	""	""
"za577"	"Laub, Dori"	"Taylor, Michelle, Resor, Nina, Bodenstab, Johanna"	"Huhnke, Brigitta"	""	""	""
"za578"	"Laub, Dori"	"Taylor, Michelle, Resor, Nina, Bodenstab, Johanna"	"k.A."	""	""	""
"za579"	"Dori Laub"	"Nina Rezor, Michelle Taylor, Johanna Bodenstab "	"Brigitta Huhnke"	""	""	""
"za580"	"Laub, Dori"	"Taylor, Michelle"	"Bodenstab, Johanna"	""	""	""
"za581"	"Laub, Dori"	"Taylor, Michelle, Resor, Nina, Bodenstab, Johanna"	"k.A."	""	""	""
"za582"	"Laub, Dori"	"Taylor, Michelle, Esteves-Wolff, Cristina, Bodenstab, Johanna"	"Huhnke, Brigitta"	""	""	""
"za583"	"Dori Laub"	"Edie Wolkowitz"	"Johanna Bodenstab"	""	""	""
"za584"	"Laub, Dori"	"Wolkowitz, Edie"	"Bodenstab, Johanna"	""	""	""
"za585"	"Laub, Dori"	"Taylor, Michelle, Ben-Atar, Heddy"	"Huhnke, Brigitta"	""	""	""
"za586"	"Laub, Dori"	"Taylor, Michelle"	"k.A."	""	""	""
"za587"	"Laub, Dori"	"Taylor, Michelle"	"k.A."	""	""	""
"za588"	"Laub, Dori"	"Wolkowitz, Edie"	"Bodenstab, Johanna"	""	""	""
"za589"	"Dori Laub"	"Michelle Taylor"	"Johanna Bodenstab"	""	""	""
"za590"	"Ghitis, Sara"	"Eisenberg, Mim"	"Pozzi-Thanner, Elisabeth"	""	""	""
